{"_timestamp":1.73711863821789e+09,"_wandb":{"runtime":76},"_runtime":76.14561,"_step":0,"loss":0.43814969062805176,"recon_loss":3.7134885787963867,"kl_loss":0.06680082529783249}