{"_step":0,"loss":1.1955804824829102,"_wandb":{"runtime":72},"recon_loss":10.62366771697998,"kl_loss":0.1332135945558548,"_timestamp":1.73712515761823e+09,"_runtime":72.277205}