{"kl_loss":0.05805554613471031,"_timestamp":1.737118805916716e+09,"_runtime":71.405789,"_step":0,"_wandb":{"runtime":71},"loss":0.39522087574005127,"recon_loss":3.3716530799865723}