{"_timestamp":1.737126241685945e+09,"_runtime":78.471397,"_step":0,"loss":0.5152401328086853,"recon_loss":4.232415199279785,"_wandb":{"runtime":78},"kl_loss":0.0919986292719841}