{"kl_loss":0.05451139435172081,"_timestamp":1.737115059908051e+09,"_runtime":82.886047,"_step":0,"loss":0.5506895184516907,"_wandb":{"runtime":82},"recon_loss":4.961781024932861}