{"kl_loss":0.09205134958028793,"_timestamp":1.737117229925029e+09,"_runtime":78.294843,"_step":0,"loss":0.5349146723747253,"_wandb":{"runtime":78},"recon_loss":4.428633213043213}