{"_runtime":74.620041,"_step":0,"loss":0.4568793475627899,"recon_loss":3.9275665283203125,"_wandb":{"runtime":74},"kl_loss":0.06412266939878464,"_timestamp":1.7371206543870962e+09}