{"loss":0.5300855040550232,"recon_loss":4.7326202392578125,"kl_loss":0.0568234808743,"_timestamp":1.7371147853967848e+09,"_runtime":74.946918,"_step":0,"_wandb":{"runtime":74}}