{"_wandb":{"runtime":70},"recon_loss":5.035598278045654,"kl_loss":0.04735065624117851,"_timestamp":1.73711770481299e+09,"_runtime":70.415408,"_step":0,"loss":0.550910472869873}