{"loss":0.47767943143844604,"_wandb":{"runtime":81},"recon_loss":3.7391695976257324,"kl_loss":0.10376247018575668,"_timestamp":1.73711521643671e+09,"_runtime":81.426621,"_step":0}