{"_runtime":75.321369,"_step":0,"_wandb":{"runtime":75},"loss":0.33908164501190186,"recon_loss":2.7221288681030273,"kl_loss":0.06686874479055405,"_timestamp":1.737121742171493e+09}