{"recon_loss":11.040473937988281,"kl_loss":0.1453021764755249,"_timestamp":1.7370407256479208e+09,"_runtime":77.140513,"_step":0,"_wandb":{"runtime":77},"loss":1.249349594116211}