{"loss":0.8357980251312256,"recon_loss":7.0820817947387695,"kl_loss":0.12758980691432953,"_timestamp":1.7371168981865861e+09,"_runtime":83.894302,"_step":0,"_wandb":{"runtime":83}}