{"loss":0.9452371597290039,"recon_loss":7.583881378173828,"kl_loss":0.18684901297092438,"_timestamp":1.737043954478604e+09,"_runtime":78.289687,"_step":0,"_wandb":{"runtime":78}}