{"kl_loss":0.06716521084308624,"_timestamp":1.737119924897713e+09,"_runtime":75.839301,"_step":0,"loss":0.5890949964523315,"recon_loss":5.219297885894775,"_wandb":{"runtime":75}}