{"_timestamp":1.737121204236534e+09,"_wandb":{"runtime":75},"_runtime":75.991287,"_step":0,"loss":0.528983473777771,"recon_loss":4.847403526306152,"kl_loss":0.04424311965703964}