{"_step":0,"loss":0.4684252142906189,"_wandb":{"runtime":73},"recon_loss":4.227881908416748,"kl_loss":0.045637018978595734,"_timestamp":1.737118068911776e+09,"_runtime":73.16268}