{"_step":0,"_wandb":{"runtime":72},"loss":0.4284410774707794,"recon_loss":3.6942477226257324,"kl_loss":0.059016287326812744,"_timestamp":1.737119450871982e+09,"_runtime":72.91682}