{"_wandb":{"runtime":68},"loss":0.5161082744598389,"recon_loss":4.408257484436035,"kl_loss":0.07528253644704819,"_timestamp":1.737118319994385e+09,"_runtime":68.704328,"_step":0}