{"_wandb":{"runtime":85},"_step":0,"loss":0.632470965385437,"recon_loss":5.37269401550293,"kl_loss":0.09520157426595688,"_timestamp":1.737114238642758e+09,"_runtime":85.042718}