{"recon_loss":8.482194900512695,"kl_loss":0.16578470170497894,"_timestamp":1.737044396800908e+09,"_runtime":81.753085,"_step":0,"_wandb":{"runtime":81},"loss":1.0140042304992676}