{"_timestamp":1.737124691100419e+09,"_wandb":{"runtime":86},"_runtime":86.3483,"_step":0,"loss":0.8068813681602478,"recon_loss":7.094516277313232,"kl_loss":0.09742976725101471}