{"kl_loss":0.05271527171134949,"_timestamp":1.7371224236956851e+09,"_runtime":73.951092,"_step":0,"loss":0.4607962369918823,"recon_loss":4.080809593200684,"_wandb":{"runtime":73}}