{"_timestamp":1.7371182317674181e+09,"_wandb":{"runtime":69},"_runtime":69.330258,"_step":0,"loss":0.7138832807540894,"recon_loss":6.474774360656738,"kl_loss":0.06640581041574478}