{"loss":0.8884055614471436,"recon_loss":8.069465637207031,"kl_loss":0.08145901560783386,"_timestamp":1.7371178852068942e+09,"_runtime":74.321458,"_step":0,"_wandb":{"runtime":74}}