{"recon_loss":3.9754984378814697,"kl_loss":0.0794813260436058,"_timestamp":1.737123156974954e+09,"_wandb":{"runtime":74},"_runtime":74.370436,"_step":0,"loss":0.4770311713218689}