{"kl_loss":0.041206490248441696,"_timestamp":1.7370446648881469e+09,"_runtime":73.456986,"_step":0,"_wandb":{"runtime":73},"loss":0.3524011969566345,"recon_loss":3.1119470596313477}