{"recon_loss":4.861740589141846,"kl_loss":0.05075249820947647,"_timestamp":1.737119803005445e+09,"_runtime":75.230348,"_step":0,"_wandb":{"runtime":75},"loss":0.5369265675544739}