{"recon_loss":5.7027587890625,"kl_loss":0.07704314589500427,"_timestamp":1.737114452359037e+09,"_runtime":82.582825,"_step":0,"_wandb":{"runtime":82},"loss":0.6473190784454346}