{"kl_loss":0.12135636806488037,"_wandb":{"runtime":73},"_timestamp":1.7371228509903622e+09,"_runtime":73.233131,"_step":0,"loss":0.9097364544868469,"recon_loss":7.883800983428955}