{"_step":0,"_wandb":{"runtime":75},"loss":0.48194095492362976,"recon_loss":4.393731594085693,"kl_loss":0.04256780073046684,"_timestamp":1.737117099416865e+09,"_runtime":75.055543}