{"loss":0.9559019207954407,"recon_loss":7.862464904785156,"kl_loss":0.1696554273366928,"_timestamp":1.7370452452353501e+09,"_runtime":78.041194,"_wandb":{"runtime":78},"_step":0}