{"kl_loss":0.08367615193128586,"_timestamp":1.737124944014833e+09,"_runtime":78.853342,"_step":0,"_wandb":{"runtime":78},"loss":0.488709419965744,"recon_loss":4.050332546234131}