{"_runtime":78.037306,"_step":0,"loss":0.31870901584625244,"recon_loss":2.88565731048584,"kl_loss":0.030143288895487785,"_timestamp":1.7370404424700842e+09,"_wandb":{"runtime":78}}