{"_wandb":{"runtime":77},"loss":0.8235369920730591,"recon_loss":7.395333290100098,"kl_loss":0.08400362730026245,"_timestamp":1.73712009188626e+09,"_runtime":77.086451,"_step":0}