{"recon_loss":10.561664581298828,"kl_loss":0.14035706222057343,"_timestamp":1.73712196592448e+09,"_runtime":80.925944,"_step":0,"loss":1.1965235471725464,"_wandb":{"runtime":80}}