{"loss":0.604585587978363,"recon_loss":5.164133548736572,"kl_loss":0.08817221969366074,"_timestamp":1.73712565030085e+09,"_runtime":76.110377,"_step":0,"_wandb":{"runtime":76}}