{"_wandb":{"runtime":73},"loss":0.3566085696220398,"recon_loss":2.9987711906433105,"kl_loss":0.05673143267631531,"_timestamp":1.7371243178536499e+09,"_runtime":73.795573,"_step":0}