{"_wandb":{"runtime":77},"loss":0.6918397545814514,"recon_loss":6.195948123931885,"kl_loss":0.07224491983652115,"_timestamp":1.737121411711322e+09,"_runtime":77.162607,"_step":0}