{"_step":0,"loss":0.6627277135848999,"recon_loss":5.840507507324219,"kl_loss":0.07867693156003952,"_wandb":{"runtime":78},"_timestamp":1.737116290091062e+09,"_runtime":78.665789}