{"recon_loss":3.877185106277466,"kl_loss":0.04422958567738533,"_timestamp":1.7371184544320269e+09,"_runtime":82.138547,"_step":0,"_wandb":{"runtime":82},"loss":0.43194812536239624}