{"loss":0.36147958040237427,"recon_loss":3.2488698959350586,"kl_loss":0.03659258410334587,"_timestamp":1.73704422576972e+09,"_runtime":78.12699,"_wandb":{"runtime":78},"_step":0}