{"_step":0,"_wandb":{"runtime":76},"loss":0.689417839050293,"recon_loss":6.057248115539551,"kl_loss":0.08369303494691849,"_timestamp":1.737119677581815e+09,"_runtime":76.063299}