{"_runtime":83.221192,"_step":0,"_wandb":{"runtime":83},"loss":0.6267448663711548,"recon_loss":5.353207588195801,"kl_loss":0.09142408519983292,"_timestamp":1.7371230086297228e+09}