{"_timestamp":1.737040219038107e+09,"_wandb":{"runtime":76},"_runtime":76.774177,"_step":0,"loss":0.8502758741378784,"recon_loss":7.114687919616699,"kl_loss":0.13880705833435059}